team,season,avg,oba,slg,OPS,wOBA,wRC+,WAR*,ERA,FIP,WHIP,ERA+,FIP+,WAR,wprob,POSADJ,RAAwithADJ,WAAwithADJ
KIA,17,0.302,0.37,0.469,0.84,0.367,112.5,30.66,4.82,4.73,1.51,103.6,106,19.63,0.608391608,11.86,12.63,1.179
µÎ»ê,17,0.294,0.369,0.459,0.828,0.364,116.9,34.95,4.38,4.77,1.45,109.8,101,21.39,0.595744681,12.02,14.24,1.309
·Ôµ¥,17,0.285,0.356,0.433,0.789,0.347,98.1,19.78,4.57,4.91,1.43,110.8,102.8,25.4,0.563380282,12,9.2,0.844
NC,17,0.293,0.365,0.443,0.808,0.356,107,26.54,4.71,5.02,1.41,104.9,99.1,16.17,0.560283688,11.84,12.5,1.165
SK,17,0.271,0.341,0.465,0.806,0.349,100,20.5,5.03,5.13,1.51,100,98.6,17.13,0.524475524,11.74,12.13,1.126
LG,17,0.281,0.348,0.4,0.748,0.333,93.5,16.06,4.32,4.43,1.32,111.9,108.8,19.06,0.489361702,11.9,12.61,1.162
³Ø¼¾,17,0.29,0.357,0.437,0.794,0.353,102.7,23.14,5.06,4.8,1.48,98.8,101.9,18.73,0.485915493,11.72,14.26,1.326
ÇÑÈ­,17,0.287,0.351,0.435,0.786,0.344,97.4,17.69,5.3,5.25,1.51,94.4,95.8,13.26,0.429577465,11.74,12.76,1.185
»ï¼º,17,0.279,0.34,0.428,0.768,0.337,92.5,16.55,5.9,5.5,1.63,86.2,91.9,6.92,0.395683453,11.8,12.38,1.153
kt,17,0.275,0.332,0.41,0.742,0.327,84.7,9.84,5.78,5.32,1.56,87.6,94,12.96,0.347222222,11.64,6.48,0.6
µÎ»ê,16,0.298,0.378,0.473,0.851,0.379,116.8,34.81,4.46,4.96,1.46,114.6,101,24.93,0.65034965,12.5,13.37,1.181
NC,16,0.291,0.375,0.45,0.824,0.369,108.6,28.87,4.49,4.79,1.42,113.3,107.4,25.78,0.588652482,12.23,16.18,1.462
³Ø¼¾,16,0.293,0.368,0.44,0.808,0.364,100.8,23.47,4.96,5.11,1.5,106,101.4,21.57,0.538461538,12.21,17.16,1.544
KIA,16,0.286,0.358,0.452,0.81,0.36,99.6,21.4,4.99,5.03,1.58,103.7,103.8,19.63,0.493055556,12.22,8.86,0.796
LG,16,0.29,0.361,0.417,0.779,0.352,98,20.29,5.1,5.06,1.53,99.8,99,14.32,0.5,12.31,12.51,1.122
SK,16,0.291,0.356,0.454,0.811,0.359,100.1,20.23,4.94,5.23,1.5,105.7,100.3,18.28,0.479166667,12.25,12.89,1.149
ÇÑÈ­,16,0.289,0.362,0.431,0.792,0.355,95.6,17.49,5.76,5.44,1.67,91.1,96.5,13.12,0.471830986,12.3,9.87,0.888
·Ôµ¥,16,0.288,0.37,0.422,0.793,0.359,100.4,21.46,5.63,5.36,1.64,92.8,97.5,11.08,0.455172414,12.31,12.51,1.103
»ï¼º,16,0.293,0.367,0.439,0.806,0.36,100.1,22.21,5.64,5.69,1.58,93.4,91.7,12.55,0.454545455,12.29,12.09,1.082
kt,16,0.276,0.345,0.394,0.738,0.336,83.6,9.51,5.93,5.23,1.69,88.1,99.9,8.82,0.373239437,12.1,7.29,0.661
»ï¼º,15,0.302,0.378,0.469,0.847,0.373,115.3,33.76,4.7,4.72,1.37,105.1,104.2,14.06,0.611111111,11.64,27.65,2.599
NC,15,0.289,0.367,0.455,0.822,0.363,110.9,30.27,4.26,4.73,1.34,112.4,103.1,21.59,0.595744681,14.18,13.44,1.259
µÎ»ê,15,0.29,0.37,0.435,0.804,0.358,112.1,31.61,5.03,4.86,1.53,93.2,96,14.37,0.548611111,11.98,14.79,1.36
³Ø¼¾,15,0.298,0.372,0.486,0.858,0.376,115.4,31.63,4.95,4.81,1.5,100.6,103.2,17.54,0.545454545,11.8,11.12,1.04
SK,15,0.272,0.349,0.41,0.759,0.338,95.4,19,4.73,4.68,1.46,102.1,103.8,21.76,0.485915493,11.83,6.5,0.604
ÇÑÈ­,15,0.271,0.36,0.404,0.764,0.339,89.8,15.69,5.11,5.43,1.56,97.4,90.9,11.91,0.472222222,11.66,8.92,0.841
KIA,15,0.251,0.326,0.392,0.718,0.32,79,5.51,4.8,5.07,1.53,102.8,97.7,20.09,0.465277778,11.65,18.93,1.774
·Ôµ¥,15,0.28,0.356,0.446,0.802,0.354,102.9,21.7,5.11,4.98,1.52,98.7,99,14.19,0.461538462,18.53,8.94,0.832
LG,15,0.269,0.339,0.399,0.738,0.33,92.1,15.28,4.64,4.53,1.44,101.1,103.3,22.22,0.450704225,11.76,8.29,0.778
kt,15,0.273,0.345,0.402,0.748,0.335,88.7,16.15,5.56,5.08,1.65,90.4,96.6,12.82,0.363636364,33.05,29.49,2.758
»ï¼º,14,0.301,0.377,0.473,0.85,0.374,107.9,29.92,4.59,4.65,1.41,115.3,113.6,28.7,0.624,11.17,11.52,1.01
³Ø¼¾,14,0.298,0.382,0.509,0.891,0.388,115.7,33.72,5.31,5.42,1.6,99.2,98.8,21.94,0.619047619,11.07,10.73,0.941
NC,14,0.282,0.353,0.447,0.8,0.354,97.6,23.06,4.39,5.14,1.46,118.5,102.6,25.28,0.551181102,11.11,12.88,1.129
LG,14,0.279,0.361,0.4,0.761,0.343,95.6,19.05,4.6,4.91,1.43,107.6,102.8,23.87,0.492063492,11.17,10.5,0.921
SK,14,0.291,0.362,0.434,0.795,0.353,99.5,23.83,5.57,5.65,1.59,91.6,92.6,15.82,0.484126984,12.47,12.87,1.128
µÎ»ê,14,0.293,0.366,0.431,0.797,0.356,104.6,26.85,5.44,5.11,1.57,90.9,98.3,16.98,0.464566929,10.98,12.05,1.056
·Ôµ¥,14,0.287,0.369,0.436,0.805,0.359,100.1,23.49,5.28,5.33,1.57,103.3,100.2,21.29,0.456,11.06,13.34,1.169
KIA,14,0.288,0.355,0.437,0.792,0.351,95.8,19.71,5.9,5.26,1.65,88.5,100.6,17.24,0.421875,10.93,9.22,0.809
ÇÑÈ­,14,0.283,0.359,0.415,0.774,0.349,89.3,16.08,6.38,6,1.76,85.1,88,11.26,0.388888889,18.23,13.84,1.213
»ï¼º,13,0.283,0.359,0.416,0.776,0.357,110.1,29.91,3.98,4.03,1.33,107.6,106.4,24.31,0.595238095,10.74,25.77,2.585
LG,13,0.282,0.355,0.386,0.741,0.343,100.9,24.48,3.72,4.05,1.36,114.1,104.8,24.89,0.578125,9.64,23.13,2.32
³Ø¼¾,13,0.272,0.358,0.413,0.771,0.355,109.1,28.74,4.12,4.24,1.45,105.7,102.9,22.46,0.571428571,9.16,21.98,2.205
µÎ»ê,13,0.289,0.37,0.42,0.79,0.363,114.5,34.07,4.57,4.36,1.48,93.1,97.5,17.9,0.568,10.51,25.22,2.53
·Ôµ¥,13,0.261,0.345,0.36,0.705,0.33,91.9,19.58,3.93,4.31,1.42,111.2,101.4,22.99,0.532258065,11.36,27.27,2.735
SK,13,0.265,0.346,0.406,0.752,0.344,101.7,25.4,4.16,4.47,1.4,104.2,97,20.74,0.496,15.27,36.64,3.675
NC,13,0.244,0.32,0.365,0.685,0.319,84.3,13.35,3.96,4.39,1.34,108.6,97.9,21.63,0.419354839,9.2,22.08,2.215
KIA,13,0.261,0.349,0.373,0.722,0.337,96.9,22.7,5.12,4.33,1.61,83.8,99.1,13.69,0.408,11.32,27.17,2.725
ÇÑÈ­,13,0.259,0.343,0.348,0.69,0.327,89.8,16.56,5.31,4.69,1.53,81.7,92.6,11.65,0.330708661,9.7,23.28,2.335
»ï¼º,12,0.272,0.353,0.389,0.742,0.344,113.9,33.8,3.39,3.35,1.24,112.5,113.9,28.68,0.610687023,10.84,26.01,2.835
SK,12,0.258,0.333,0.384,0.717,0.33,103.9,24.08,3.82,3.99,1.33,99.6,95.5,21.45,0.546153846,11.01,26.42,2.88
µÎ»ê,12,0.26,0.322,0.352,0.673,0.313,91.9,20.59,3.58,3.81,1.29,106.8,100.3,22.79,0.523076923,10.93,26.24,2.86
·Ôµ¥,12,0.263,0.326,0.364,0.69,0.319,96.5,21.38,3.48,3.79,1.36,110.2,101.1,22.8,0.511811024,10.65,25.55,2.785
KIA,12,0.256,0.343,0.347,0.69,0.321,98.1,23.96,3.9,3.76,1.36,96.9,100.6,19.93,0.488188976,10.99,26.38,2.875
³Ø¼¾,12,0.243,0.325,0.37,0.696,0.322,98.7,23.82,3.83,4.06,1.4,100.1,94.4,19.29,0.469230769,8.81,21.15,2.305
LG,12,0.261,0.332,0.354,0.687,0.321,97.7,23.42,4.02,3.76,1.38,95,101.7,20.38,0.441860465,10.09,24.22,2.64
ÇÑÈ­,12,0.249,0.338,0.351,0.69,0.323,99.1,22.28,4.55,4.06,1.4,85.9,96.3,15.31,0.407692308,9.67,23.21,2.53
»ï¼º,11,0.259,0.343,0.376,0.719,0.334,98.9,25.18,3.35,3.85,1.33,124.6,108.3,29.59,0.612403101,10.82,25.96,2.65
·Ôµ¥,11,0.288,0.358,0.422,0.781,0.359,115.8,33.92,4.2,4.29,1.42,99.9,97.8,19.93,0.5625,11.82,28.37,2.895
SK,11,0.263,0.34,0.385,0.726,0.331,97,20.88,3.59,3.98,1.29,114.2,103.1,25.82,0.546153846,10.33,24.79,2.53
KIA,11,0.269,0.357,0.395,0.752,0.346,107.5,29.09,4.1,3.92,1.35,100.8,105.5,22.78,0.526315789,10.96,26.31,2.685
µÎ»ê,11,0.271,0.354,0.388,0.742,0.344,106.3,28,4.26,4.15,1.44,96.1,98.8,19.64,0.465648855,10.76,25.82,2.635
LG,11,0.266,0.338,0.377,0.716,0.331,97,21.25,4.15,4.09,1.41,98.9,100.2,19.59,0.450381679,10.88,26.11,2.665
ÇÑÈ­,11,0.255,0.338,0.362,0.7,0.323,91.9,18.14,5.11,4.46,1.53,81.8,93.6,13.21,0.450381679,9.92,23.81,2.43
³Ø¼¾,11,0.245,0.323,0.353,0.676,0.313,84.6,13,4.36,4.37,1.51,94.1,94.1,16.99,0.389312977,9.04,21.7,2.215
SK,10,0.274,0.355,0.412,0.768,0.342,100.2,24.01,3.71,4.14,1.35,122.6,109.7,29.64,0.641221374,11.78,28.28,2.7
»ï¼º,10,0.272,0.368,0.406,0.774,0.35,105.1,28.84,3.94,4.06,1.36,117,113.6,28.95,0.603053435,12,28.8,2.75
µÎ»ê,10,0.281,0.365,0.44,0.805,0.363,114,32.99,4.62,4.58,1.38,98.4,99.3,20.44,0.561538462,11.59,27.81,2.655
·Ôµ¥,10,0.288,0.352,0.461,0.813,0.362,113.4,32.54,4.83,4.75,1.43,95.7,97.4,18.38,0.530769231,12.5,30.01,2.865
KIA,10,0.26,0.347,0.383,0.73,0.332,93.4,19.55,4.39,4.16,1.43,104,109.8,23.68,0.443609023,13.53,32.47,3.1
LG,10,0.276,0.349,0.411,0.759,0.342,100.2,24.72,5.23,4.94,1.55,87,92.1,14.38,0.4453125,12.44,29.85,2.85
³Ø¼¾,10,0.262,0.34,0.374,0.714,0.325,88.8,16.83,4.55,4.97,1.5,100,91.5,18.15,0.4,11.32,27.18,2.595
ÇÑÈ­,10,0.244,0.331,0.359,0.69,0.317,83.7,11.27,5.43,5.09,1.57,85.2,90.9,14.3,0.374045802,10.8,25.92,2.475
KIA,9,0.267,0.357,0.427,0.785,0.348,98.8,23.41,3.92,4.13,1.35,120.4,114.3,31.12,0.627906977,12.85,30.83,2.87
SK,9,0.285,0.369,0.453,0.822,0.36,106.9,29.1,3.67,4.22,1.37,129.1,112.3,31.66,0.62992126,13.09,31.42,2.925
µÎ»ê,9,0.28,0.362,0.42,0.781,0.353,101.7,25.9,4.6,4.52,1.46,103.2,105,23.54,0.541984733,11.57,27.77,2.585
·Ôµ¥,9,0.277,0.35,0.423,0.773,0.345,96.5,20.62,4.75,4.84,1.53,100.9,98.8,20.54,0.496240602,12.29,29.49,2.745
»ï¼º,9,0.275,0.364,0.432,0.796,0.354,102.8,26.27,4.98,4.9,1.58,98,99.6,20.3,0.481203008,12.58,30.19,2.81
È÷¾î·ÎÁî,9,0.272,0.356,0.434,0.789,0.35,99.9,24.27,5.41,5.26,1.53,89.2,91.8,14.18,0.454545455,12.15,29.17,2.715
LG,9,0.278,0.36,0.413,0.773,0.344,95.8,21.71,5.42,5.39,1.62,87.9,88.4,12.78,0.418604651,11.41,27.39,2.55
ÇÑÈ­,9,0.269,0.348,0.426,0.774,0.346,97.3,23.48,5.7,5.17,1.62,85.9,94.6,14.66,0.353846154,15.17,36.42,3.39
SK,8,0.282,0.361,0.404,0.765,0.353,112.5,30.25,3.22,3.92,1.3,125.9,103.6,26.7,0.658730159,11.35,27.24,2.8
µÎ»ê,8,0.276,0.354,0.378,0.732,0.343,105.4,27.38,3.89,3.82,1.32,105.3,107.2,22.89,0.555555556,9.75,23.4,2.405
·Ôµ¥,8,0.282,0.357,0.405,0.761,0.352,111.9,29.7,3.64,3.9,1.38,110.5,103.3,21.94,0.547619048,11.07,26.56,2.73
»ï¼º,8,0.258,0.344,0.376,0.72,0.335,100.1,21.64,4.4,4.12,1.42,94.4,100.8,19.63,0.515873016,10.78,25.88,2.66
ÇÑÈ­,8,0.254,0.333,0.395,0.728,0.336,100.7,23.64,4.43,4.4,1.47,95.8,96.5,18.04,0.507936508,9.55,22.91,2.355
KIA,8,0.26,0.336,0.352,0.689,0.321,90.7,16.88,4.08,4.04,1.38,100.3,101.4,21.21,0.452380952,9.47,22.72,2.335
È÷¾î·ÎÁî,8,0.266,0.331,0.368,0.698,0.325,93.5,17.87,4.43,4.28,1.44,95.6,99.1,18.67,0.396825397,10.07,24.18,2.485
LG,8,0.256,0.321,0.353,0.674,0.313,84.8,14.06,4.85,4.46,1.55,84.4,91.9,12.67,0.365079365,10.82,25.98,2.67
SK,7,0.264,0.341,0.403,0.744,0.34,106.9,26.77,3.24,3.85,1.34,117.6,99.1,23.29,0.603305785,10.33,24.79,2.635
µÎ»ê,7,0.263,0.343,0.383,0.726,0.335,103.3,26.33,3.44,3.6,1.3,112.6,107.5,25.41,0.564516129,12.29,29.49,3.135
ÇÑÈ­,7,0.254,0.342,0.376,0.718,0.332,101,21.23,3.54,3.77,1.37,113.6,106.7,24.7,0.540322581,8.68,20.84,2.215
»ï¼º,7,0.254,0.341,0.365,0.706,0.326,97,20.97,3.71,3.79,1.32,105.8,103.4,22.85,0.508196721,9.9,23.75,2.525
LG,7,0.268,0.338,0.374,0.713,0.328,98.3,22.6,4.33,3.88,1.49,89.6,100,16.88,0.483333333,9.54,22.91,2.435
Çö´ë,7,0.271,0.346,0.384,0.729,0.332,101.2,22.29,4.41,4.11,1.39,90.5,97.2,15.99,0.448,10.17,24.41,2.595
·Ôµ¥,7,0.27,0.34,0.377,0.717,0.328,98.4,22.4,4.12,3.84,1.41,92.9,99.6,17.56,0.447154472,10.62,25.49,2.71
KIA,7,0.257,0.33,0.364,0.694,0.322,94,17.21,4.49,4.44,1.47,87.5,88.6,12.75,0.408,8.47,20.32,2.16
»ï¼º,6,0.255,0.341,0.36,0.701,0.325,104,23.65,3.33,3.59,1.25,108.6,100.8,23.47,0.593495935,9.5,22.8,2.555
Çö´ë,6,0.27,0.35,0.384,0.734,0.334,110.2,26.31,3.44,3.29,1.3,105,109.7,24.19,0.56,10.24,24.59,2.755
ÇÑÈ­,6,0.253,0.331,0.38,0.711,0.329,106.5,24.41,3.37,3.52,1.29,111.2,106.5,24.32,0.540322581,8.59,20.61,2.31
KIA,6,0.255,0.325,0.356,0.681,0.314,95.7,19.03,3.36,3.59,1.29,108,101,23.05,0.520325203,9.17,22,2.465
µÎ»ê,6,0.258,0.328,0.347,0.676,0.314,96.1,18.97,3.36,3.3,1.25,106.6,108.3,23.56,0.512195122,10.34,24.81,2.78
SK,6,0.254,0.329,0.375,0.704,0.323,102.6,23.78,3.8,3.79,1.35,92.4,92.9,15.36,0.48,9.46,22.71,2.545
·Ôµ¥,6,0.25,0.327,0.357,0.684,0.314,96.1,18.22,3.88,3.71,1.38,90.4,94.5,14.8,0.406504065,10.02,24.05,2.695
LG,6,0.246,0.306,0.354,0.661,0.303,88,16.3,4.22,3.88,1.43,83.9,91.3,12.67,0.385245902,8.29,19.9,2.23
»ï¼º,5,0.268,0.357,0.391,0.749,0.341,105.5,26.13,3.83,3.93,1.25,111.3,108.3,26.24,0.606557377,10.87,26.09,2.64
µÎ»ê,5,0.27,0.351,0.365,0.715,0.33,97.9,21.79,3.42,3.95,1.31,121.2,104.9,27.26,0.585365854,12.54,30.1,3.045
SK,5,0.269,0.355,0.403,0.757,0.339,104.6,25.13,3.42,4.05,1.26,120.8,101.9,25.16,0.583333333,10.52,25.25,2.555
ÇÑÈ­,5,0.27,0.341,0.434,0.775,0.351,111.6,28.62,4.41,4.39,1.42,99.2,99.8,19.05,0.512,9.8,23.52,2.38
·Ôµ¥,5,0.253,0.322,0.372,0.694,0.315,87.4,16.2,4.31,3.83,1.34,95.6,107.4,21.73,0.464,15.71,37.71,3.815
LG,5,0.26,0.327,0.389,0.717,0.324,94.1,22.48,4.9,4.33,1.54,85,96.1,12.62,0.432,18.18,43.64,4.415
Çö´ë,5,0.256,0.344,0.399,0.743,0.336,102.2,24.55,4.7,4.38,1.43,91.2,98,16.24,0.430894309,12.66,30.39,3.075
KIA,5,0.26,0.337,0.38,0.717,0.326,95.3,19.51,4.85,4.88,1.52,87.7,87.1,11.45,0.392,10.11,24.27,2.455
Çö´ë,4,0.275,0.37,0.413,0.783,0.354,110.1,31.88,4.07,4.14,1.38,106.4,104.6,24.4,0.5859375,12.63,30.3,3.02
»ï¼º,4,0.269,0.346,0.411,0.757,0.343,102.2,26.73,3.76,4.01,1.34,115.4,108.3,27.09,0.584,16.22,38.93,3.88
µÎ»ê,4,0.268,0.342,0.381,0.723,0.333,95.4,21.46,3.88,3.95,1.36,107.9,106.1,25.07,0.53030303,15.78,37.88,3.775
KIA,4,0.267,0.354,0.419,0.773,0.349,106.5,28.86,4.52,4.48,1.43,96.6,97.5,21.03,0.5234375,16.58,39.79,3.965
SK,4,0.272,0.357,0.411,0.768,0.347,105.4,25.97,4.39,4.32,1.45,95.8,97.4,19.01,0.488,12.36,29.65,2.955
LG,4,0.259,0.337,0.379,0.716,0.328,91.7,18.5,4.38,4.38,1.52,95.7,95.9,16.75,0.457364341,11.35,27.24,2.715
ÇÑÈ­,4,0.268,0.34,0.423,0.764,0.343,102.5,24.4,5.24,4.99,1.48,84,88.4,12.08,0.417322835,12.48,29.95,2.985
·Ôµ¥,4,0.252,0.327,0.364,0.691,0.317,84.8,15.36,4.22,4.09,1.4,101.2,104.3,22.8,0.409836066,10.75,25.79,2.57
Çö´ë,3,0.286,0.374,0.456,0.829,0.363,117.7,37.5,4.16,3.95,1.43,103.9,109.3,23.78,0.610687023,16.92,40.61,4.08
KIA,3,0.272,0.349,0.416,0.765,0.34,101.8,26.26,3.65,4.16,1.28,117.3,102.9,25.71,0.609375,10.87,26.08,2.62
»ï¼º,3,0.284,0.36,0.482,0.842,0.369,121.3,37.22,4.37,4.22,1.43,99.9,103.4,22.77,0.589147287,11.36,27.28,2.74
SK,3,0.272,0.35,0.431,0.781,0.344,104.8,25.84,4.44,4.39,1.43,93.9,95.1,17.27,0.507692308,11.03,26.48,2.66
ÇÑÈ­,3,0.254,0.343,0.393,0.736,0.33,94.4,20.36,4.38,4.25,1.36,99.1,102.2,22.43,0.4921875,12.38,29.71,2.985
LG,3,0.249,0.32,0.378,0.697,0.313,82.2,13.46,4.01,4.18,1.48,103.6,99.3,21.01,0.458015267,10.93,26.23,2.635
µÎ»ê,3,0.276,0.346,0.39,0.736,0.332,96,20.73,4.25,4.14,1.41,97.9,100.5,19.11,0.435114504,10.76,25.83,2.595
·Ôµ¥,3,0.256,0.317,0.365,0.682,0.307,78.5,11.19,5.01,4.88,1.49,84.5,86.8,10.44,0.3,10.91,26.18,2.63
»ï¼º,2,0.284,0.36,0.472,0.831,0.362,122.7,38.22,3.92,4.07,1.31,110,106,25.54,0.635658915,11.63,27.92,2.805
KIA,2,0.269,0.344,0.402,0.746,0.331,101.9,28.11,3.92,4.34,1.3,108.5,98.1,22.4,0.604651163,10.82,25.98,2.61
Çö´ë,2,0.261,0.342,0.432,0.774,0.336,105.2,26.6,4.24,4.24,1.38,100.7,100.7,21.6,0.546875,11.47,27.52,2.765
µÎ»ê,2,0.261,0.331,0.396,0.726,0.322,95.2,21.04,3.93,3.77,1.37,104.7,109.3,24.76,0.503816794,11.2,26.87,2.7
LG,2,0.261,0.332,0.385,0.717,0.316,91,20.25,3.94,4.41,1.36,105,93.8,20.63,0.519685039,11.4,27.37,2.75
SK,2,0.27,0.339,0.433,0.772,0.336,105.2,26.92,4.47,4.47,1.32,94.1,94.1,17.29,0.469230769,11.57,27.77,2.79
ÇÑÈ­,2,0.256,0.328,0.42,0.748,0.328,99.6,22.5,4.79,4.17,1.39,90.7,104.2,20.39,0.4609375,12.5,30.01,3.015
·Ôµ¥,2,0.245,0.305,0.356,0.661,0.295,76.7,8.23,4.74,4.43,1.47,88.8,94.9,13.49,0.265151515,10.74,25.78,2.59
»ï¼º,1,0.277,0.36,0.447,0.807,0.36,106.8,27.89,4.41,4.66,1.48,108.9,103.2,25.57,0.609022556,13.12,31.48,2.925
Çö´ë,1,0.268,0.363,0.429,0.791,0.356,104.6,25.44,4.34,4.37,1.51,108.2,107.4,25.33,0.558139535,14.1,33.85,3.145
µÎ»ê,1,0.276,0.359,0.421,0.78,0.353,102.1,27.3,4.96,4.66,1.56,92.2,98.1,17.56,0.5078125,12.85,30.84,2.865
ÇÑÈ­,1,0.275,0.357,0.426,0.783,0.351,101.1,25.55,4.85,4.72,1.54,100.8,103.5,20.97,0.472868217,10.94,26.26,2.44
SK,1,0.26,0.337,0.391,0.728,0.327,84.7,13.97,4.41,4.67,1.41,106.7,100.8,22.81,0.458015267,6.44,15.45,1.435
ÇØÅÂ/KIA,1,0.278,0.353,0.428,0.782,0.352,101.6,24.45,5.02,5.04,1.47,94.8,94.3,17.06,0.46875,11.59,27.82,2.585
·Ôµ¥,1,0.28,0.366,0.425,0.791,0.354,103.3,27.54,4.68,4.62,1.5,100.2,101.5,21.38,0.457364341,12.33,29.6,2.75
LG,1,0.276,0.363,0.391,0.754,0.342,95.1,21.7,5.13,4.92,1.6,89.5,93.3,16.18,0.464,12.11,29.06,2.7
Çö´ë,0,0.278,0.365,0.483,0.849,0.369,119.2,38.53,3.64,3.72,1.31,124.2,121.5,33.47,0.694656489,14.41,34.59,3.27
µÎ»ê,0,0.289,0.359,0.441,0.8,0.356,110.2,32.18,4.22,4.32,1.46,105.8,103.5,23.62,0.571428571,14.21,34.11,3.225
»ï¼º,0,0.269,0.348,0.447,0.795,0.35,105.9,27.09,4.64,4.61,1.48,102.3,102.9,23.36,0.5390625,12.65,30.36,2.87
LG,0,0.273,0.356,0.414,0.77,0.342,100.8,24.87,4.27,4.11,1.33,104.8,108.9,26.5,0.515384615,11.06,26.55,2.51
·Ôµ¥,0,0.26,0.334,0.385,0.719,0.321,87,16.87,4.02,4.24,1.32,115.7,109.7,28.98,0.503875969,12.32,29.56,2.795
ÇØÅÂ,0,0.252,0.333,0.363,0.696,0.315,83.1,12.64,4.95,5.04,1.48,94.3,92.6,17.37,0.441860465,11.26,27.03,2.555
ÇÑÈ­,0,0.276,0.346,0.457,0.803,0.352,107.5,27.07,5.24,5.39,1.5,90.8,88.3,13.92,0.390625,11.22,26.92,2.545
SK,0,0.26,0.332,0.383,0.716,0.321,86.6,15.12,5.99,5.55,1.65,77.5,83.7,6.87,0.338461538,6.72,16.13,1.525
µÎ»ê,99,0.285,0.355,0.438,0.793,0.346,100.8,26.54,4.58,4.79,1.44,105.2,100.7,23.49,0.598425197,12.62,30.29,2.735
·Ôµ¥,99,0.291,0.363,0.461,0.824,0.355,106.9,28.06,4.18,4.64,1.32,120.1,108.3,28.67,0.590551181,12.64,30.34,2.74
»ï¼º,99,0.273,0.352,0.46,0.812,0.35,103.3,26.99,5.16,4.79,1.5,98.3,106,24.11,0.561538462,10.89,26.13,2.36
ÇÑÈ­,99,0.283,0.353,0.484,0.838,0.36,109.6,29.09,4.88,4.87,1.39,104.4,104.8,24.04,0.553846154,11.14,26.74,2.415
Çö´ë,99,0.272,0.359,0.418,0.777,0.339,96.2,20.52,4.47,4.61,1.47,110.4,107.1,25.35,0.535433071,13.03,31.28,2.825
LG,99,0.281,0.35,0.442,0.792,0.345,100.4,26.26,5.49,5.11,1.56,88.6,95.1,15.42,0.465648855,15.3,36.71,3.315
ÇØÅÂ,99,0.278,0.362,0.467,0.829,0.359,109.4,29.08,5.21,5.35,1.48,97.5,94.8,17.46,0.465116279,10.91,26.19,2.365
½Ö¹æ¿ï,99,0.248,0.32,0.358,0.678,0.303,71.9,7.43,5.85,5.68,1.57,84.2,86.8,10.9,0.224,10.29,24.69,2.23
Çö´ë,98,0.27,0.344,0.434,0.778,0.341,113.2,30.89,3.03,3.63,1.25,131.4,109.4,27.63,0.642857143,11.38,27.31,2.84
»ï¼º,98,0.268,0.346,0.428,0.773,0.338,110.7,28.2,4.32,4.51,1.42,95.2,91.2,16.21,0.532258065,5.89,14.14,1.47
LG,98,0.267,0.339,0.401,0.74,0.329,104.9,27.2,4.18,4.05,1.32,92.5,95.6,15.79,0.504,12.28,29.47,3.065
ÇØÅÂ,98,0.258,0.325,0.376,0.701,0.311,92.4,16.74,3.91,3.82,1.28,103.5,106,24.06,0.488,9.34,22.41,2.33
OB,98,0.256,0.317,0.383,0.7,0.311,91.9,19.4,3.6,3.77,1.32,106.9,102.3,22.15,0.495934959,9.68,23.22,2.415
½Ö¹æ¿ï,98,0.261,0.334,0.391,0.725,0.32,98.3,22.82,4.04,4.19,1.34,98.3,94.8,17.36,0.467741935,11.3,27.12,2.82
ÇÑÈ­,98,0.25,0.316,0.392,0.708,0.312,92.9,18.01,4.26,3.83,1.35,96.1,106.9,21.02,0.454545455,9.3,22.31,2.32
·Ôµ¥,98,0.255,0.329,0.381,0.709,0.315,94.9,19.44,4.61,4.15,1.37,87.9,97.6,15.47,0.409836066,11.7,28.08,2.92
ÇØÅÂ,97,0.258,0.34,0.408,0.748,0.333,106.3,27.63,3.65,3.89,1.22,111.6,104.7,24.75,0.6,9.75,23.39,2.43
LG,97,0.267,0.343,0.394,0.737,0.33,104.2,27.28,3.78,3.86,1.26,102.8,100.7,22.44,0.588709677,9.99,23.97,2.49
½Ö¹æ¿ï,97,0.269,0.351,0.414,0.766,0.337,109.1,27.61,3.82,3.92,1.31,105.1,102.3,22.81,0.572580645,10.63,25.51,2.65
»ï¼º,97,0.277,0.356,0.462,0.819,0.359,124,38.92,4.23,4.25,1.41,97.9,97.5,17.72,0.554621849,6.62,15.88,1.65
OB,97,0.254,0.324,0.361,0.685,0.311,91.1,19.84,3.84,3.55,1.37,101.6,110,21.87,0.47107438,15.84,38.02,3.95
ÇÑÈ­,97,0.253,0.325,0.381,0.707,0.314,93.6,18.23,4.06,4.13,1.29,99.7,97.9,20.2,0.411290323,8.4,20.17,2.095
Çö´ë,97,0.247,0.327,0.361,0.688,0.308,89.2,15.53,4.21,4.19,1.33,94.7,95.3,16.58,0.418032787,9.67,23.2,2.41
·Ôµ¥,97,0.237,0.305,0.345,0.65,0.294,80,9.38,4.58,4.39,1.46,89.4,93.4,14.68,0.384,6.7,16.08,1.67
ÇØÅÂ,96,0.245,0.329,0.366,0.695,0.319,101,26.12,3.14,3.61,1.16,119,103.7,26.57,0.588709677,9.11,21.87,2.38
ÇÑÈ­,96,0.245,0.327,0.372,0.699,0.317,99.9,21.99,3.79,3.26,1.22,96.2,112,24.31,0.56,8.92,21.41,2.33
½Ö¹æ¿ï,96,0.264,0.34,0.369,0.709,0.319,101.2,23.97,3.33,3.5,1.29,110.7,105.3,24.03,0.564516129,10.24,24.58,2.675
Çö´ë,96,0.243,0.318,0.371,0.689,0.311,96,20.09,3.04,3.4,1.19,120.8,108,25.8,0.553719008,9.4,22.56,2.455
·Ôµ¥,96,0.274,0.34,0.393,0.733,0.333,110.8,29.94,4.16,3.78,1.36,90.6,99.8,16.87,0.475,12.45,29.87,3.25
»ï¼º,96,0.249,0.327,0.37,0.697,0.32,102.1,23.56,4.25,4.27,1.45,88.9,88.5,14.2,0.446280992,7.89,18.93,2.06
LG,96,0.246,0.33,0.364,0.694,0.317,100.1,22.28,4.11,3.93,1.36,86.9,91.1,12.95,0.41322314,9.38,22.52,2.45
OB,96,0.242,0.305,0.355,0.66,0.301,88.1,14.21,3.67,3.76,1.32,96.7,94.4,16.77,0.391666667,10.36,24.86,2.705
LG,95,0.257,0.334,0.372,0.706,0.321,105.7,26.04,3.21,3.42,1.17,111,104.2,23.69,0.606557377,8.35,20.03,2.17
OB,95,0.266,0.326,0.399,0.725,0.327,110.5,29.74,3.42,3.49,1.25,103.9,102.1,21.67,0.611570248,12.33,29.59,3.205
·Ôµ¥,95,0.255,0.333,0.364,0.696,0.318,103.4,27.29,3.47,3.6,1.21,109.2,105.3,23.9,0.561983471,10.33,24.79,2.685
ÇØÅÂ,95,0.242,0.309,0.345,0.654,0.297,89.2,16.45,3.06,3.27,1.16,123,115.5,31.38,0.524590164,8.46,20.31,2.2
»ï¼º,95,0.25,0.324,0.374,0.699,0.318,103.7,23.08,3.9,3.95,1.32,97.1,95.7,17.63,0.5,10.83,25.99,2.815
ÇÑÈ­,95,0.249,0.323,0.38,0.703,0.316,102.3,22.98,4.04,3.78,1.34,91.6,97.9,16.96,0.436507937,9.5,22.8,2.47
ÅÂÆò¾ç,95,0.234,0.305,0.345,0.65,0.297,88.7,16.06,3.92,3.61,1.34,94.7,102.7,19.24,0.396694215,9.66,23.17,2.51
½Ö¹æ¿ï,95,0.254,0.32,0.364,0.683,0.308,96.5,20.57,4.67,4.57,1.45,80,81.7,8.31,0.365853659,11.48,27.56,2.985
LG,94,0.282,0.358,0.409,0.767,0.352,123.6,38.57,3.14,3.56,1.2,116,102.3,23.62,0.642857143,9.79,23.49,2.545
ÅÂÆò¾ç,94,0.244,0.316,0.365,0.681,0.309,93.1,18.49,3.5,3.39,1.31,109.7,113.3,28.42,0.552845528,13.9,33.36,3.615
ÇÑÈ­,94,0.247,0.324,0.345,0.669,0.307,91.5,16.46,3.52,3.58,1.24,107.6,105.8,23.44,0.524193548,9.5,22.8,2.47
ÇØÅÂ,94,0.271,0.328,0.388,0.715,0.325,104,26.55,3.6,3.79,1.26,106.5,101.2,21.88,0.524193548,10.02,24.04,2.605
»ï¼º,94,0.26,0.34,0.386,0.726,0.332,108.9,27.19,3.47,3.85,1.28,110.7,100,21.41,0.483870968,9.84,23.63,2.56
·Ôµ¥,94,0.257,0.323,0.357,0.68,0.313,96.3,20.55,4.44,4.11,1.42,86.8,93.8,15.33,0.455284553,8.77,21.04,2.28
OB,94,0.246,0.313,0.348,0.662,0.304,89,15.99,3.46,3.47,1.31,105.2,105,16.43,0.424,10.61,25.47,2.76
½Ö¹æ¿ï,94,0.248,0.316,0.359,0.675,0.308,92.5,17.92,4.74,4.38,1.47,79.1,85.6,9.73,0.388429752,9.94,23.86,2.585
ÇØÅÂ,93,0.251,0.33,0.368,0.698,0.326,110.3,30,2.92,3.09,1.16,113.5,107.6,28.04,0.658536585,10.52,25.26,2.96
»ï¼º,93,0.268,0.344,0.408,0.752,0.349,127,38.88,2.95,3.39,1.27,112.8,98.2,21.55,0.603305785,11.38,27.3,3.2
OB,93,0.258,0.328,0.36,0.688,0.318,104.5,23.87,2.89,2.82,1.18,108.5,111,26.21,0.545454545,9.08,21.8,2.555
LG,93,0.256,0.323,0.366,0.689,0.32,106,25.55,3.07,3.26,1.25,103,97,19.69,0.536585366,8.96,21.5,2.52
·Ôµ¥,93,0.248,0.319,0.328,0.647,0.301,92.5,19.11,3.33,3.2,1.28,100.8,105.1,21.36,0.496,7.82,18.77,2.2
ºù±×·¹,93,0.238,0.317,0.347,0.664,0.311,99.2,21.34,3.46,3.34,1.25,95.9,99.4,18.37,0.5,5.48,13.14,1.54
½Ö¹æ¿ï,93,0.225,0.302,0.301,0.603,0.286,81,10.15,4,3.88,1.41,81.9,84.3,10.67,0.355371901,9.24,22.19,2.6
ÅÂÆò¾ç,93,0.227,0.293,0.302,0.595,0.278,75.3,10.57,3.58,3.23,1.33,91,100.9,16.72,0.293103448,16.85,40.45,4.74
ºù±×·¹,92,0.267,0.351,0.431,0.782,0.351,109.5,29.36,3.68,4.07,1.29,117.6,106.4,25.64,0.653225806,12,28.81,2.84
·Ôµ¥,92,0.288,0.366,0.417,0.782,0.352,110,30.33,4.28,4.06,1.4,103,108.4,23.36,0.563492063,10.8,25.92,2.555
ÇØÅÂ,92,0.272,0.365,0.425,0.789,0.359,114.5,32.47,4.21,4.19,1.36,102.7,103.1,22.23,0.568,13.93,33.42,3.295
»ï¼º,92,0.265,0.349,0.404,0.752,0.342,103.2,26.53,4.55,4.63,1.53,96.4,94.7,17.53,0.540322581,12.07,28.96,2.855
OB,92,0.259,0.332,0.393,0.725,0.326,92.4,18.03,4.22,4.26,1.42,98.5,97.5,19.25,0.459016393,10.1,24.24,2.39
ÅÂÆò¾ç,92,0.256,0.328,0.38,0.709,0.319,87.9,16.47,4.48,4.49,1.47,96.4,96.2,18.44,0.455284553,17.14,41.13,4.055
LG,92,0.257,0.331,0.384,0.715,0.325,91.7,17.37,4.29,3.96,1.47,97.2,105.3,19.83,0.430894309,9.45,22.67,2.235
½Ö¹æ¿ï,92,0.249,0.341,0.37,0.711,0.325,92.3,17.73,4.85,4.89,1.49,90.1,89.4,12.11,0.328,5.73,13.74,1.355
ÇØÅÂ,91,0.259,0.35,0.418,0.768,0.351,114.9,31.76,2.89,3.13,1.11,137.4,127,34.99,0.652892562,12.62,30.3,3.155
ºù±×·¹,91,0.274,0.353,0.434,0.787,0.356,118.7,35.1,3.35,3.76,1.3,118.3,105.6,23.5,0.595041322,11.06,26.55,2.765
»ï¼º,91,0.272,0.357,0.405,0.761,0.348,112.5,29.69,4.23,4.33,1.43,95.9,93.7,18.28,0.56,10.26,24.63,2.565
·Ôµ¥,91,0.26,0.339,0.378,0.717,0.325,97.5,21.59,3.91,3.67,1.34,104,110.9,22.95,0.508333333,10.58,25.4,2.645
ÅÂÆò¾ç,91,0.238,0.314,0.338,0.652,0.301,81,12.58,4.14,4.1,1.4,94.6,95.6,18.81,0.433070866,10.78,25.88,2.695
LG,91,0.244,0.317,0.341,0.658,0.306,83.6,11.64,4.38,3.95,1.41,87.9,97.6,15.95,0.424,8.56,20.55,2.14
½Ö¹æ¿ï,91,0.253,0.338,0.379,0.717,0.333,102.4,24.67,4.69,4.68,1.51,87.5,87.7,14.41,0.422764228,11.74,28.18,2.935
OB,91,0.25,0.322,0.35,0.672,0.31,86.7,14.99,4.32,4.22,1.43,89.4,91.6,13.88,0.411290323,9.34,22.42,2.335
LG,90,0.271,0.352,0.375,0.726,0.341,106.7,26.24,3.38,3.37,1.28,111,111.3,26.03,0.591666667,10.25,24.61,2.58
ÇØÅÂ,90,0.27,0.352,0.392,0.744,0.345,109.2,27.23,3.36,3.43,1.23,113.3,111,26.29,0.581196581,9.14,21.94,2.3
ºù±×·¹,90,0.27,0.355,0.411,0.766,0.355,115.7,32.77,3.41,3.92,1.31,115.2,100.3,22.43,0.576271186,14.49,34.76,3.645
»ï¼º,90,0.263,0.341,0.411,0.752,0.348,110.9,27.23,4.13,4.46,1.46,95.7,88.6,14.33,0.559322034,8.37,20.08,2.105
ÅÂÆò¾ç,90,0.247,0.328,0.341,0.669,0.315,88.8,16.85,3.71,3.63,1.4,101.7,103.7,20.67,0.491525424,10.17,24.42,2.56
·Ôµ¥,90,0.245,0.331,0.335,0.666,0.313,87.5,15.11,4.43,4.03,1.41,87.9,96.6,15.06,0.389380531,9.8,23.51,2.465
OB,90,0.231,0.31,0.329,0.639,0.301,79.2,8.39,4.72,4.29,1.53,79.5,87.5,8.99,0.304347826,7.75,18.6,1.95
ºù±×·¹,89,0.276,0.346,0.411,0.757,0.352,116.2,32.4,3.5,3.93,1.32,109.6,97.7,21.65,0.606837607,12.7,30.48,3.29
ÇØÅÂ,89,0.255,0.339,0.364,0.703,0.333,103.4,22.88,3.34,3.26,1.23,109.8,112.5,26.85,0.560344828,8.7,20.89,2.255
ÅÂÆò¾ç,89,0.247,0.335,0.345,0.679,0.32,94.5,19.89,3.03,3.35,1.28,121.4,109.9,25.25,0.534482759,9.98,23.95,2.585
»ï¼º,89,0.272,0.341,0.397,0.737,0.345,111.8,28.76,4.42,4.26,1.51,86.1,89.3,12.03,0.495652174,9.84,23.62,2.55
OB,89,0.247,0.319,0.335,0.653,0.309,86.7,14.67,3.7,3.84,1.4,98.9,95.4,17.45,0.461538462,10.15,24.36,2.63
MBC,89,0.252,0.335,0.338,0.673,0.319,93.9,18.76,4.28,3.87,1.49,85,93.9,12.61,0.422413793,9.55,22.93,2.475
·Ôµ¥,89,0.247,0.337,0.327,0.664,0.316,92.1,15.39,3.91,3.63,1.36,96.9,104.3,19.22,0.417391304,9.11,21.86,2.36
ÇØÅÂ,88,0.283,0.351,0.423,0.774,0.351,116.5,27.85,2.86,3.34,1.18,133.7,114.8,27.99,0.641509434,7.67,18.4,1.96
ºù±×·¹,88,0.266,0.334,0.387,0.721,0.33,102.1,21.05,3.72,3.72,1.35,105.5,105.7,20.6,0.579439252,10.97,26.34,2.805
·Ôµ¥,88,0.27,0.339,0.377,0.717,0.327,99.7,19.71,3.59,3.42,1.34,106.8,112,20.85,0.537735849,8.94,21.45,2.285
»ï¼º,88,0.278,0.351,0.399,0.75,0.345,112.4,26.25,4.17,4.26,1.4,92.4,90.6,13.52,0.528301887,8.31,19.95,2.125
OB,88,0.258,0.321,0.349,0.67,0.308,87,14.27,3.73,3.95,1.36,100.8,95.2,17.24,0.509433962,9.9,23.75,2.53
MBC,88,0.26,0.324,0.346,0.67,0.31,88,14.69,3.95,4.05,1.47,94.9,92.6,12.45,0.384615385,7.98,19.15,2.04
ÅÂÆò¾ç,88,0.261,0.328,0.368,0.696,0.317,93.3,15.45,4.61,3.9,1.4,83.1,98.2,11.25,0.317757009,8.67,20.8,2.215
»ï¼º,87,0.3,0.368,0.444,0.812,0.378,135.1,37.97,3.58,3.94,1.4,99.8,90.6,14.54,0.592592593,8.1,19.43,2.16
ÇØÅÂ,87,0.252,0.321,0.36,0.681,0.318,93,15.61,3.16,3.35,1.26,110.3,104.1,21.88,0.533980583,6.9,16.55,1.84
OB,87,0.261,0.328,0.34,0.669,0.316,91,15.05,3.26,3.54,1.37,105.4,97.2,16.79,0.514018692,9.82,23.57,2.62
·Ôµ¥,87,0.268,0.343,0.36,0.703,0.329,100.6,20.38,3.36,3.06,1.33,105.2,115.5,21.66,0.524271845,7.91,18.98,2.11
MBC,87,0.258,0.32,0.342,0.662,0.31,86.6,12.78,3.36,3.49,1.34,102.5,98.7,18.31,0.495049505,6.75,16.19,1.8
ºù±×·¹,87,0.274,0.342,0.368,0.71,0.33,101.6,18.87,3.78,3.7,1.31,96.9,98.9,16.29,0.451923077,12.99,31.17,3.465
Ã»º¸,87,0.242,0.323,0.34,0.664,0.313,89.5,14.32,4.36,3.77,1.45,82.4,95.2,10.48,0.386792453,12.8,30.72,3.415
»ï¼º,86,0.276,0.345,0.398,0.744,0.346,123.2,30.54,2.95,3.33,1.28,104.7,92.8,16.33,0.654205607,7.92,19.02,2.235
ÇØÅÂ,86,0.259,0.325,0.39,0.715,0.332,113,24.28,2.86,2.62,1.21,106.8,116.3,24.65,0.644230769,7.27,17.44,2.05
MBC,86,0.265,0.33,0.353,0.682,0.318,103,21.34,2.78,2.91,1.24,106.7,101.8,19.94,0.59,6.91,16.59,1.95
OB,86,0.249,0.319,0.331,0.65,0.303,91.8,14.86,2.61,3.11,1.24,113.8,95.6,18.64,0.538461538,8.42,20.21,2.375
·Ôµ¥,86,0.248,0.316,0.333,0.649,0.303,91.6,14.79,2.74,2.76,1.24,108.7,107.7,21.74,0.490196078,8.05,19.31,2.27
Ã»º¸,86,0.219,0.293,0.322,0.615,0.289,81.9,8.87,3.99,3.39,1.41,78.9,93,9.38,0.301886792,6.98,16.76,1.97
ºù±×·¹,86,0.236,0.323,0.325,0.647,0.307,94.7,14.92,3.67,3.48,1.28,85.5,90.2,10.55,0.289719626,5.99,14.38,1.69
»ï¼º,85,0.276,0.355,0.417,0.772,0.351,117.9,29.97,2.98,3.18,1.24,119.4,111.6,25.23,0.706422018,11.05,26.51,2.905
·Ôµ¥,85,0.256,0.327,0.377,0.704,0.321,97,18.04,3.05,3.06,1.27,111.9,111.3,21.83,0.536363636,10.89,26.14,2.865
ÇØÅÂ,85,0.272,0.337,0.402,0.74,0.34,110.3,24.8,3.89,3.47,1.38,89.8,100.5,15.76,0.52293578,8.97,21.54,2.36
OB,85,0.26,0.331,0.37,0.701,0.322,97.4,19.23,3.16,3.46,1.28,113,103.2,19.76,0.472222222,8.61,20.67,2.265
MBC,85,0.246,0.313,0.322,0.635,0.297,79.1,9.16,3.24,3.61,1.31,102.9,92.6,15.86,0.403669725,7.6,18.25,2
»ï¹Ì/Ã»º¸,85,0.252,0.328,0.36,0.688,0.32,96.3,19.89,4.88,4.35,1.56,74.7,83.7,5.24,0.357798165,14.26,34.22,3.75
OB,84,0.257,0.333,0.36,0.693,0.32,100.3,17.82,2.53,3.12,1.19,132.7,107.8,22.16,0.585858586,8.04,19.29,2.205
»ï¼º,84,0.27,0.343,0.396,0.739,0.339,113.9,24.07,3.35,3.13,1.34,99.5,106.5,17.6,0.55,9.3,22.31,2.55
MBC,84,0.253,0.322,0.355,0.677,0.314,95.6,15.5,3.19,3.24,1.28,96.8,95.3,13.39,0.515151515,6.49,15.58,1.78
·Ôµ¥,84,0.257,0.331,0.377,0.708,0.326,104.6,19.45,3.31,3.35,1.32,98.3,97.2,15.02,0.510204082,9.77,23.45,2.68
ÇØÅÂ,84,0.248,0.317,0.365,0.682,0.317,98.1,16.06,3.17,3.09,1.24,103.9,106.7,16.52,0.443298969,7.75,18.59,2.125
»ï¹Ì,84,0.237,0.312,0.339,0.651,0.302,87.5,13.18,4.05,3.68,1.41,82.8,91.3,10.42,0.391752577,11.56,27.74,3.17
MBC,83,0.256,0.323,0.354,0.677,0.312,96.2,17.73,2.72,2.99,1.19,113.6,103.5,19.56,0.56122449,9.02,21.65,2.4
ÇØÅÂ,83,0.267,0.332,0.385,0.717,0.33,109.3,20.47,3.28,2.99,1.28,99.1,109,16.63,0.555555556,7.2,17.28,1.915
»ï¹Ì,83,0.245,0.312,0.344,0.656,0.302,89.4,14.26,3.06,3.25,1.26,109.5,103.2,19.82,0.525252525,12.18,29.23,3.24
»ï¼º,83,0.263,0.333,0.393,0.726,0.332,110.3,23.31,3.42,3.37,1.3,97.8,99.3,15.08,0.479166667,8.98,21.56,2.39
OB,83,0.259,0.324,0.362,0.687,0.314,97.8,17.17,3.54,3.73,1.36,92.5,87.7,10.6,0.444444444,6.67,16.01,1.775
·Ôµ¥,83,0.244,0.314,0.366,0.68,0.313,97,16.34,3.79,3.42,1.33,87.1,96.4,11.95,0.434343434,7.8,18.72,2.075
OB,82,0.283,0.349,0.412,0.762,0.343,107.6,17.97,3.2,3.6,1.26,121.6,108.3,18.28,0.7,7.33,17.6,1.74
»ï¼º,82,0.266,0.347,0.392,0.739,0.338,104.3,18.61,2.7,3.5,1.14,147.1,113.2,21.11,0.670886076,10.51,25.23,2.495
MBC,82,0.282,0.354,0.41,0.764,0.346,109.5,19.33,3.51,3.52,1.3,113,112.6,16.09,0.582278481,9.1,21.84,2.16
ÇØÅÂ,82,0.261,0.328,0.408,0.736,0.332,100.6,15.32,3.79,3.75,1.4,101.7,102.8,11.88,0.475,5.92,14.21,1.405
·Ôµ¥,82,0.256,0.344,0.373,0.717,0.329,98.7,12.47,3.95,3.76,1.44,100.6,105.7,13.66,0.407407407,6.87,16.48,1.63
»ï¹Ì,82,0.24,0.304,0.345,0.648,0.298,79,6.11,6.14,5.15,1.71,65.5,78.2,-0.16,0.1875,9.75,23.41,2.315
